assets/sophisticatedstorage/blockstates/acacia_storage_connector.json	126	e83198eb887a579599f46931a82ba7c3ea80658dcf0d3714e336c54e24b71ba2
assets/sophisticatedstorage/blockstates/bamboo_storage_connector.json	126	61b8a5b51b9e1624581ae9a42c0fdf10859c6911849cc539ff8dd0ebba475e9a
assets/sophisticatedstorage/blockstates/barrel.json	1688	ba5918268c3227880a3e4072e33a6f964944d16f923e88140fa2e27c4570b431
assets/sophisticatedstorage/blockstates/birch_storage_connector.json	125	2c94a5e7e1d2fe857e45b39031a0f5ce9e3cf1c53f5978b2b0b21eaf304c8510
assets/sophisticatedstorage/blockstates/cherry_storage_connector.json	126	7de4753cf2a2a1828f2da7af3c45ec0cc5162de39a50ea6d90b772b6f3010533
assets/sophisticatedstorage/blockstates/chest.json	107	ca72c6cc35ffb7aef770ac1d6aefbc97eed28d9d5f94a7daacd101dd75cae978
assets/sophisticatedstorage/blockstates/controller.json	112	8f47cb777a116e6aea7e625e74b3e6668cea796232c8f806b62f521e54c4a464
assets/sophisticatedstorage/blockstates/copper_barrel.json	1772	2c444b457f72aa36ce441db2130033a9fa23f518e23b709811cdee8e13f61e19
assets/sophisticatedstorage/blockstates/copper_chest.json	89	0167801240df4e764c87b35c20852ee78bff12de8cd57d156d001901b658cea6
assets/sophisticatedstorage/blockstates/copper_shulker_box.json	95	6bc9b43c842dacf00ef1f481f6ca037b7614b4bd56f561c5df7e801f0bd5ca51
assets/sophisticatedstorage/blockstates/crimson_storage_connector.json	127	51aea568effbaff53296ce4241dc51794b196382e98ffe8cb853ae98b1675fc5
assets/sophisticatedstorage/blockstates/dark_oak_storage_connector.json	128	60b37055f04b9ac0f7c44ca7236b3a584b5ead42c9cb197a44973a0166e8a793
assets/sophisticatedstorage/blockstates/decoration_table.json	427	8644c62fec08cd4f9f61beba89bee972b44debeccbd04378c98b7521d423a811
assets/sophisticatedstorage/blockstates/diamond_barrel.json	1784	8589d5f5f6bf96cc15b44812e65a764bc741e4b85b1134acd6f93dae14bf698b
assets/sophisticatedstorage/blockstates/diamond_chest.json	107	ca72c6cc35ffb7aef770ac1d6aefbc97eed28d9d5f94a7daacd101dd75cae978
assets/sophisticatedstorage/blockstates/diamond_shulker_box.json	113	9452851ec8d0de9ed3c9d8596e913a490952e46467582ad7bdce8ff48da1f07d
assets/sophisticatedstorage/blockstates/gold_barrel.json	1748	6fa453a4c7187b12b96159da4ae3308d056868278462e21c65d1ec597e3ac9b3
assets/sophisticatedstorage/blockstates/gold_chest.json	107	ca72c6cc35ffb7aef770ac1d6aefbc97eed28d9d5f94a7daacd101dd75cae978
assets/sophisticatedstorage/blockstates/gold_shulker_box.json	113	9452851ec8d0de9ed3c9d8596e913a490952e46467582ad7bdce8ff48da1f07d
assets/sophisticatedstorage/blockstates/iron_barrel.json	1748	38b2f4ca689f62bd9b0b76757bfda24a27c3fbd5b6bc3a1ad8968c7a1337cd3e
assets/sophisticatedstorage/blockstates/iron_chest.json	107	ca72c6cc35ffb7aef770ac1d6aefbc97eed28d9d5f94a7daacd101dd75cae978
assets/sophisticatedstorage/blockstates/iron_shulker_box.json	113	9452851ec8d0de9ed3c9d8596e913a490952e46467582ad7bdce8ff48da1f07d
assets/sophisticatedstorage/blockstates/jungle_storage_connector.json	126	301a65f4392da2c31444a97b70dde936c21b8563f6553d16df9444093624d2de
assets/sophisticatedstorage/blockstates/limited_barrel_1.json	4125	50441927c3276f3293c238ea57024d1ba7e080c4f15350685826a66dd5c345fe
assets/sophisticatedstorage/blockstates/limited_barrel_2.json	4124	ed3780baa44155ce487d030aaad9ebda94909e7eb5ea2b4bf80ad8da4355ca45
assets/sophisticatedstorage/blockstates/limited_barrel_3.json	4124	aa17e6cb30655ad26e4b58f6ca777c95a63efeb83a8a5c71780c168ee3129111
assets/sophisticatedstorage/blockstates/limited_barrel_4.json	4124	5f0f945483237b97b92845001714f19de1932a30b30e755adb3213cbe36d51cf
assets/sophisticatedstorage/blockstates/limited_copper_barrel_1.json	4292	446e1b29b0ee4cbd9209ebc5079d8de713239c751a87dd9305b1f269deb66e99
assets/sophisticatedstorage/blockstates/limited_copper_barrel_2.json	4292	78d4e76122c6575a6164da7f8a89dbfb96458d131ca5e7265bd7f9a7433c021b
assets/sophisticatedstorage/blockstates/limited_copper_barrel_3.json	4292	e09778951e5cc1d9c6ba2af8134221a7af66e0cbdb0bb48eddd30691124d3903
assets/sophisticatedstorage/blockstates/limited_copper_barrel_4.json	4292	5656961d2f5840709b084cdf54bbd85907f934e71f7c3d4a301437e50637f19f
assets/sophisticatedstorage/blockstates/limited_diamond_barrel_1.json	4316	e36af579da1ca237aa674b24cd430ff77d939764aa1b723ffdb13512d0500f0e
assets/sophisticatedstorage/blockstates/limited_diamond_barrel_2.json	4316	6d2c8ccb9fe95506d26e8c0ebfccce1a4f34e9cb978bcf2c61fe913a412f0f48
assets/sophisticatedstorage/blockstates/limited_diamond_barrel_3.json	4316	96e5e72c36b67c9d479b6f0dc3c16920cabb162ce351eead4093eb60877f0c37
assets/sophisticatedstorage/blockstates/limited_diamond_barrel_4.json	4316	ab3034454298f53404db294ea19ba1863f4e218bac29d08fe6cb9492ee20a4fd
assets/sophisticatedstorage/blockstates/limited_gold_barrel_1.json	4244	8bad5cd6732a9ef4e08c584b52934d5ac4bdce700d372e96f2eef4f5e4309c8f
assets/sophisticatedstorage/blockstates/limited_gold_barrel_2.json	4244	3a67493ba88763b8c78868442a4c7a544ff2bd015934d20d17080b14f07ee9e5
assets/sophisticatedstorage/blockstates/limited_gold_barrel_3.json	4244	8923e4690d52fcc946ad2b57d07bccf09142dd4ed4c23ad26b8c5411947b9155
assets/sophisticatedstorage/blockstates/limited_gold_barrel_4.json	4244	0a522a9fb5871bbdf35375ae538cfda20fb5038af6278abbcd82d6a186f2a068
assets/sophisticatedstorage/blockstates/limited_iron_barrel_1.json	4244	9502d0dea188b3fca42b51319ee1e768b95bae6b8711126d74a4927f2d3a766c
assets/sophisticatedstorage/blockstates/limited_iron_barrel_2.json	4244	eb49dda09916ba454514f739bd2256397bbc63c379e7fb48be1c0a0f12d97659
assets/sophisticatedstorage/blockstates/limited_iron_barrel_3.json	4244	ffba0fd87bbc8cd33a486033c19de827f72d7ffa4552ed71f5f1e30531caa5d7
assets/sophisticatedstorage/blockstates/limited_iron_barrel_4.json	4244	ab85fc2f1fc1e48a54330943d8b3cb00a073e0b443336291099da45a960eb280
assets/sophisticatedstorage/blockstates/limited_netherite_barrel_1.json	4364	058b41561ecd9915d670cae293f731709f7e435391782e73ca8cffd04dec6ecd
assets/sophisticatedstorage/blockstates/limited_netherite_barrel_2.json	4364	36efef5a0ea0dd1190940bd59550428d58fbbeb3508be6d54cfc7667ef2908e9
assets/sophisticatedstorage/blockstates/limited_netherite_barrel_3.json	4364	557c309e7f241f062e11b8ae2a9d36eaccacbbfc4824febbd10f7f637342f8f3
assets/sophisticatedstorage/blockstates/limited_netherite_barrel_4.json	4364	b7814422554ec686fcbac21d99d576a2dc4888556c762b4a1dcf149fa8b8ac8c
assets/sophisticatedstorage/blockstates/mangrove_storage_connector.json	128	609ad0e6b62f1cfd4e8323fe556ab9cf06d2660f2b34550c401ef3d27f6072ce
assets/sophisticatedstorage/blockstates/netherite_barrel.json	1808	87859a7c82108680f84bd7a909346587ea11eece3cfe5d24f1212ff867f26866
assets/sophisticatedstorage/blockstates/netherite_chest.json	107	ca72c6cc35ffb7aef770ac1d6aefbc97eed28d9d5f94a7daacd101dd75cae978
assets/sophisticatedstorage/blockstates/netherite_shulker_box.json	113	9452851ec8d0de9ed3c9d8596e913a490952e46467582ad7bdce8ff48da1f07d
assets/sophisticatedstorage/blockstates/oak_storage_connector.json	123	eee4dc6178735625b6c65e2ea8505bdff6ccf54765ac90cdaa65d19e7886fe18
assets/sophisticatedstorage/blockstates/shulker_box.json	113	9452851ec8d0de9ed3c9d8596e913a490952e46467582ad7bdce8ff48da1f07d
assets/sophisticatedstorage/blockstates/spruce_storage_connector.json	126	510793e813fe07cc579d4dea19fb0add1dc6e7b66e0468ce277a7b28f8b42151
assets/sophisticatedstorage/blockstates/storage_input.json	115	6106e8aa94b664202415760608038f300ca3f93db37a97228109818ef8b56e86
assets/sophisticatedstorage/blockstates/storage_io.json	112	705f67b6d954da79c5d5072c034b3ff932f6497926a74c0aabbe825aeb38fb99
assets/sophisticatedstorage/blockstates/storage_link.json	791	1f66dacfd617325ab5e34e3b57e5a6ff7310ae78d7ef4fdb7b51f6c9becba8e0
assets/sophisticatedstorage/blockstates/storage_output.json	116	bc9560f088522417a0c5b4aec575d79488bc430a240b47d2ca0dcff2c789157c
assets/sophisticatedstorage/blockstates/warped_storage_connector.json	126	7d2d69e2af7491bf8cb7d74113abbe5b0b8d3ea9e0588ec9ec6b5438db723f7a
assets/sophisticatedstorage/models/block/acacia_storage_connector.json	1205	30da5b27127fdb2beae20293fd5815a5ef70c40e90f1e6bb6190ee3228d83c04
assets/sophisticatedstorage/models/block/bamboo_storage_connector.json	939	68c493fbb08c1703eb1e2c9d33fe32662237b25843120a45f1c33b4f46cd8188
assets/sophisticatedstorage/models/block/barrel.json	21302	28f3a978ab84860cd3ecba496c87bc020f9514689b227b301dd4ee95b12fc112
assets/sophisticatedstorage/models/block/barrel_part/barrel_flat_tintable_core.json	309	9b74ac5d07204a8db304a312d8bfdb6dc7987da29e51470629e509243d655556
assets/sophisticatedstorage/models/block/barrel_part/barrel_tintable_core.json	299	42a2db7ae1423bdf091a4d1f26553673167f1b00b29c14f7b92e49c41d3ab14c
assets/sophisticatedstorage/models/block/barrel_part/base.json	2994	1b6adff6c4bd58714e67c8eadeff87b8949531583c63ba333781e0e7b0c0ba8e
assets/sophisticatedstorage/models/block/barrel_part/core.json	1658	74fa700434f09e56986ddf9766f7376a6305f495ccc8d7469c26fb7a58412b60
assets/sophisticatedstorage/models/block/barrel_part/down_inner_trim.json	535	9f842b23ac1422c740f5110e9d1b97ca6af2f44aebddb6b6132f316338be6b85
assets/sophisticatedstorage/models/block/barrel_part/down_inner_trim_tintable_accent.json	592	21205ada61d8bf5a8a76304101f367a0b8added50ced6d837f024da05053a22b
assets/sophisticatedstorage/models/block/barrel_part/flat_core.json	1610	c03699aa527a0f0aa287e2b5c7f7959688f0fda56ca29dbfd94070408dac88de
assets/sophisticatedstorage/models/block/barrel_part/flat_core_without_top.json	1336	ca488d8192f001233ba446ed88de07daeda58fd8a81df953aa97fc2cc639258b
assets/sophisticatedstorage/models/block/barrel_part/flat_down_inner_trim.json	345	c54eb5f87abf6a4c42fc838f7784fd2415d025b3f4b563f811b621e013ab52f5
assets/sophisticatedstorage/models/block/barrel_part/flat_handle_core.json	319	1ebbab4e6c68af2112cfd03e12af8a0c3b623bd7d1e2ff147405a614435dc141
assets/sophisticatedstorage/models/block/barrel_part/flat_limited_2_core.json	319	0f5b767f6af14f00e4d3e663a3d52b589f3ff9e8937a44555e49e7ed4a8b9c80
assets/sophisticatedstorage/models/block/barrel_part/flat_limited_2_core_top.json	529	1eba5fef2dbe1d10ece9ad6f8bd2258cd8195aa71ec3ca8c88bc027c82114e2f
assets/sophisticatedstorage/models/block/barrel_part/flat_limited_2_partitioned.json	302	0991a300da3cd830dfad80f30961422198c320854311bb6e58d5e02a6df09220
assets/sophisticatedstorage/models/block/barrel_part/flat_limited_2_trim.json	308	16348ecbfd010e65bda2e053f5eaa78c66f2e8a034ee1afae2d6441ac6abb5ca
assets/sophisticatedstorage/models/block/barrel_part/flat_limited_3_core.json	319	4f2164fed3001b0bf032a9b323b632c87e4b4f3091c5190ca8ae7428b8ca403f
assets/sophisticatedstorage/models/block/barrel_part/flat_limited_3_core_top.json	729	5d919f8750006131942ee66b4de8190fad23f4e4c3d87cdc301f6dff57fda36c
assets/sophisticatedstorage/models/block/barrel_part/flat_limited_3_partitioned.json	302	8391caf7e4641e7f8b428e6f8411cf6cbd8d64f28568503ab9008ffd07da6539
assets/sophisticatedstorage/models/block/barrel_part/flat_limited_3_trim.json	432	6368d09c7123ce1ade415fb9266947bfc0c4bf47e15e662e9aef6371ba17810c
assets/sophisticatedstorage/models/block/barrel_part/flat_limited_4_core.json	319	dd3163c5d7cea90840e68441d83ee48d8369a8a0c9fd7c73424fdd403eae580c
assets/sophisticatedstorage/models/block/barrel_part/flat_limited_4_core_top.json	931	3d1b1ca674f601344e9a7c0fb20c1b0ad87933104e6147a714c7233ca8684327
assets/sophisticatedstorage/models/block/barrel_part/flat_limited_4_partitioned.json	302	65a5c7ea7e658a6d8928dac5ad7ee733dc1900655d3acd74980a7e0a0ef919bc
assets/sophisticatedstorage/models/block/barrel_part/flat_limited_4_trim.json	552	b69dde985562462bc13914c2a2014b4b0b669296cf9b0237577c17c20ccfa446
assets/sophisticatedstorage/models/block/barrel_part/flat_limited_tintable_main.json	1703	8913189d166ba9ce024959906fcaef3824eead7f1988975b6c00ace8ba3a978b
assets/sophisticatedstorage/models/block/barrel_part/flat_middle_inner_trim.json	347	1b3e3e84fa64b51d27c5bceabe9292d9e44b052cb3f8f7d7d65addf1678f27e5
assets/sophisticatedstorage/models/block/barrel_part/flat_partitioned.json	282	3d658ec4bc3578b007e54280b0871594622f9cade1137537797e14c0cc268d34
assets/sophisticatedstorage/models/block/barrel_part/flat_tintable_accent.json	1113	6fcbbe5fb808288e3ed7cc800b5a833ebc789cd1cb1b71c3bd8dd18c84109992
assets/sophisticatedstorage/models/block/barrel_part/flat_tintable_core.json	2680	bbb15190a7643a0c7f5a267d27401915e458d3aaa4bb23167230dd5fdfb7d8bd
assets/sophisticatedstorage/models/block/barrel_part/flat_tintable_core_without_top.json	2312	a6688d8ffe77a07216c523e7ebec6252b3c49e5dcf8bbe215ac212377f41f986
assets/sophisticatedstorage/models/block/barrel_part/flat_tintable_down_inner_trim.json	366	5b0d4546015047e10b50367ea0d2ca46c0178c410396dc57ab1bab1f43112b46
assets/sophisticatedstorage/models/block/barrel_part/flat_tintable_limited_2_core.json	337	101c335ed424c88f47307fe0ed3ef8baccfac80df796e5cad6444402f9317217
assets/sophisticatedstorage/models/block/barrel_part/flat_tintable_limited_2_core_top.json	565	5cbe944be26bcb753873d03c44e62489b68e1042c26c32d19298824d7b6b9078
assets/sophisticatedstorage/models/block/barrel_part/flat_tintable_limited_2_trim.json	326	56b84264bc98589d154ee65711d7594f4f56b41289b6cb6dbe950f2c48bbad76
assets/sophisticatedstorage/models/block/barrel_part/flat_tintable_limited_3_core.json	337	8afbd297a081bf51bf4375073fa4f1f33b1a1311991b6acfe82f4362778e637e
assets/sophisticatedstorage/models/block/barrel_part/flat_tintable_limited_3_core_top.json	785	f7129b012382ad78adedf9a19a0116a99b364fea187e452f870533f2fed08075
assets/sophisticatedstorage/models/block/barrel_part/flat_tintable_limited_3_trim.json	459	65b0e081e3b36af1492fe29b13b8e700c782cdf7a9dd1f2b473309d9852e701c
assets/sophisticatedstorage/models/block/barrel_part/flat_tintable_limited_4_core.json	337	d7d7559cc905275601d8b2e8c4d863f7a3a924f3bea1cae46fba23fba26a305a
assets/sophisticatedstorage/models/block/barrel_part/flat_tintable_limited_4_core_top.json	1004	4fb267b046e8a214a8502e49ec1cbad888cdccc0408740256e170587f3a8e276
assets/sophisticatedstorage/models/block/barrel_part/flat_tintable_limited_4_trim.json	588	f689e9dc8c10190560d873825f91713ba1c2bcd62e5755d43426d3ec4c6fb8ea
assets/sophisticatedstorage/models/block/barrel_part/flat_tintable_main.json	1951	0a4024319398354934bbef4d6c6eed18dc1c074018b53b1ddbf0c3f273762954
assets/sophisticatedstorage/models/block/barrel_part/flat_tintable_middle_inner_trim.json	366	22297cc2ba512295d19fbb443c3a6f694b370fdb357db8cf1db9b0635cda07da
assets/sophisticatedstorage/models/block/barrel_part/flat_tintable_trim.json	9662	92ad3d83a0c62c578bad0246b01d02d84cfa3a42ef2e856b02141b6ae45ffbc0
assets/sophisticatedstorage/models/block/barrel_part/flat_tintable_up_inner_trim.json	364	b92979cdcab0baaee89cf1ba8572a113a1f11568688f8389f645ae1a73d68950
assets/sophisticatedstorage/models/block/barrel_part/flat_trim.json	5022	778190b341bfc19fbcd7e78efeb7f831c8ac581a3908351b42868bcbf140125c
assets/sophisticatedstorage/models/block/barrel_part/flat_up_inner_trim.json	347	8e3fdd2f2cb62b51f7c099f8828f2ea07454245751ae9782b4396dd457b5ed08
assets/sophisticatedstorage/models/block/barrel_part/handle_core.json	319	41cdf21d9267c716d1b0e0b0339ad288f4e7244d0a09812ba440ce5aeb86c6c2
assets/sophisticatedstorage/models/block/barrel_part/limited_2_base.json	298	201d60ff0bc37d5f8824f85da7bd1809e7525d9aec8d9e40a41085212a534fb5
assets/sophisticatedstorage/models/block/barrel_part/limited_2_partitioned.json	305	5b8f7f51c18efec82713098460ac227ef20c57380ae3ba349ad3c949a7a2f3e1
assets/sophisticatedstorage/models/block/barrel_part/limited_2_tintable_accent.json	325	41bc5225af2de1c43128c331fe6fcee7cc019c7b333090f7253b8a9940412f1e
assets/sophisticatedstorage/models/block/barrel_part/limited_2_tintable_trim.json	323	eaf4124b93a9cd5d3f7aaa82648dbbbd5d3641011e767e7d573ae25b9b010b65
assets/sophisticatedstorage/models/block/barrel_part/limited_2_trim.json	298	7d5dfdf65952f28ec7907599caa5d0ec1562420a2d9342bb660384ca26dd3e49
assets/sophisticatedstorage/models/block/barrel_part/limited_3_base.json	417	a848250618d45538c6182297e34982c4c2a83880237d763969d0bf784dec9c20
assets/sophisticatedstorage/models/block/barrel_part/limited_3_partitioned.json	424	52190bd7d9b874fd8ccf6fc3f1d84965a241086d2beee5cbfdd299a8727681b7
assets/sophisticatedstorage/models/block/barrel_part/limited_3_tintable_accent.json	460	9ed15f20fae303849bf501ed2ec0e9d53bf56dfadafd616654b8ca4ca5246383
assets/sophisticatedstorage/models/block/barrel_part/limited_3_tintable_trim.json	458	306bce55169568f24bad6066411d714d29c16c1984bf770444f7b2876be843a0
assets/sophisticatedstorage/models/block/barrel_part/limited_3_trim.json	417	80e57393ff5f75a3d981f744faab65bea7e1f2dbb05baba98823388a24d993a8
assets/sophisticatedstorage/models/block/barrel_part/limited_4_base.json	532	49b408e3d20115ca9850e8a8039183fd35dcf53464a605c8929b02cab70ab221
assets/sophisticatedstorage/models/block/barrel_part/limited_4_partitioned.json	539	c6bac186a52ff4d87ba70dc425d8bda4e35ba317e203089024a9491e8e5359f5
assets/sophisticatedstorage/models/block/barrel_part/limited_4_tintable_accent.json	591	e5d7e90488b52d0f4710173b31337e711395070a89c0c0c4ee01f37f601943d4
assets/sophisticatedstorage/models/block/barrel_part/limited_4_tintable_trim.json	589	e820d0b7e29d6177857f6a5130389fa382172998aaf71a954d35f44d0d81d2a7
assets/sophisticatedstorage/models/block/barrel_part/limited_4_trim.json	532	eb1b36109fa6a36f1e2508d57ff7de96930e099e81a9840c1338939fcd86a7ba
assets/sophisticatedstorage/models/block/barrel_part/limited_tintable_main.json	1812	4019606ad9e2fc7276dbd32174895651c3a1e516f81069708ecc27e32b4d7000
assets/sophisticatedstorage/models/block/barrel_part/locked.json	289	2865098435a7f9cf178012e51093ce3b0cdfdccc9978465dad219d6266854e35
assets/sophisticatedstorage/models/block/barrel_part/middle_inner_trim.json	525	78f682931b907f574bebff1b1bb2f424e50c20554b813fc37b4d29da11ed99c1
assets/sophisticatedstorage/models/block/barrel_part/middle_inner_trim_tintable_accent.json	581	bfb1a9bcb52f3d8113983212cfd0326fe85393d965d892414357c812f8a296bc
assets/sophisticatedstorage/models/block/barrel_part/packed.json	353	b2c4e4dafd5b28f331808c9d78b65f37ae1b3849a88279c57c66cd755623fec8
assets/sophisticatedstorage/models/block/barrel_part/partitioned.json	272	5f48c9d8e4a88e17b12bc13d557157afae15f6d106f95eb2544082b983cd1e73
assets/sophisticatedstorage/models/block/barrel_part/tintable_accent.json	3308	7b53471a6493be84cb69d05d64e6ab9302f8d9db1b3e0085fa182d377d16ef99
assets/sophisticatedstorage/models/block/barrel_part/tintable_core.json	2690	7875aca4c24b933ff0d3470bddfa1c4aa838f1e8b2def6c638c5d07a06c0e48b
assets/sophisticatedstorage/models/block/barrel_part/tintable_main.json	1999	44cda4442505ff38997804fdcce4940105cdad7ecbb641fb61c369e05cdf3e74
assets/sophisticatedstorage/models/block/barrel_part/tintable_trim.json	9729	fcbf8f09acbc1426959b89088c874eabfb3069f826bd99a8048d5f96c535ec09
assets/sophisticatedstorage/models/block/barrel_part/trim.json	5061	90b6c55d3f14e9f50a8d42f95a291e59677ae007271fadad20bddb31e9b53ca0
assets/sophisticatedstorage/models/block/barrel_part/up_inner_trim.json	539	cf1cce3e8c7b843c92c91c7a5a3638e6165aa97c22f040d1040a8ec103f89096
assets/sophisticatedstorage/models/block/barrel_part/up_inner_trim_tintable_accent.json	595	a5e52affec17b503f0f2daf96b9fbaff25a975585f87cd0df819c5999155a182
assets/sophisticatedstorage/models/block/birch_storage_connector.json	936	c119282fcd28a262e9566c992d20a50d6bb0713474315ac153dac13d049e84e3
assets/sophisticatedstorage/models/block/cherry_storage_connector.json	939	6b6f3081943fd233c65c0e3d9b8b9c1bbf7310790412e6524576247acfd2e119
assets/sophisticatedstorage/models/block/chest.json	46	2c92735c92c4b43b6a35672d4330d6b221709bbf6225f8e6007d70a71191ed98
assets/sophisticatedstorage/models/block/controller.json	1749	cadbd298a2936fcb9f2b07596a9616f3802e816f1c2828b9fce68d53d7baae50
assets/sophisticatedstorage/models/block/copper_barrel.json	499	2a180375fb04f1edf964cc61451b132b17284900a95c05277e8db96820f4f7f4
assets/sophisticatedstorage/models/block/crimson_storage_connector.json	942	aa1642fe1a1d326e60eb0c922421c9c0dbbb58a999402b2dd9c80f1845c5936d
assets/sophisticatedstorage/models/block/dark_oak_storage_connector.json	945	498ac56c2e8de7fc005e296b2674e2e4b5171501873f270ea5055ec4bac556d2
assets/sophisticatedstorage/models/block/decoration_table.json	6439	b0062643a6c0154ee33e9ebb93beb3192f2828fe530f3196f3feb66abaa1cdc7
assets/sophisticatedstorage/models/block/diamond_barrel.json	566	07298f9074fc19f122a347a88f9f8470336c7218d60f2a489cd8fcd91c4941eb
assets/sophisticatedstorage/models/block/flat/barrel.json	21120	15970659ce0fdda3b06a68a56fd753f58feb625ae702566c2a485e1d730f9fc3
assets/sophisticatedstorage/models/block/flat/copper_barrel.json	435	82868448abf4779c6c61109953858291508611a5f09c32cc9031a83f37e62991
assets/sophisticatedstorage/models/block/flat/diamond_barrel.json	499	f6831ada128c091731e8cc599c0f7378ceb931786a64c32db35b588cace813cc
assets/sophisticatedstorage/models/block/flat/gold_barrel.json	487	00bfdbfde0e512c3517348b60dc2a1a0eb6a1d4c50e273af22f9b61b7c17f695
assets/sophisticatedstorage/models/block/flat/iron_barrel.json	487	b5c55d4267b12dc017e30527a10db4f6c0922d47d7a56db23a949e367f2564fe
assets/sophisticatedstorage/models/block/flat/limited_barrel_1.json	12737	230e2ea8572524941dbc26ecaf8c8ff450447d8c175ec0cc9b170af7a2d99f5d
assets/sophisticatedstorage/models/block/flat/limited_barrel_2.json	7217	aa7a650cd66cde2d4a427eca34c96c5becf8d82a39480f61a357c0c94e7eec8b
assets/sophisticatedstorage/models/block/flat/limited_barrel_3.json	7217	bf30d764ad4e239497d135859a410d23b553a431bfc113828515f3527e51c3fa
assets/sophisticatedstorage/models/block/flat/limited_barrel_4.json	7217	8b98bc8081575df31a146eef2c0235add397ab53223c94ee37f529521a108301
assets/sophisticatedstorage/models/block/flat/limited_copper_barrel_1.json	453	61265d0d20531ec5d615e468276054f54ffddff90f9b9409217307a590acb897
assets/sophisticatedstorage/models/block/flat/limited_copper_barrel_2.json	453	5b5bd15851ac924b002c6c9e8383d10c86f5636b44d22635d01ef2df8e27bb32
assets/sophisticatedstorage/models/block/flat/limited_copper_barrel_3.json	453	2f15edf8ba72c261647114a8c8bcb1cf79aa11de22e20e47f93f32ed9c1590d4
assets/sophisticatedstorage/models/block/flat/limited_copper_barrel_4.json	453	ca0f2bbb1d9e030c399d2663bee548b947a8aad8969ca91248725e29d0369579
assets/sophisticatedstorage/models/block/flat/limited_diamond_barrel_1.json	517	294c60fe343f909d27e200d70f8e81060c864bda386737c7d1d00ee1f8eadea1
assets/sophisticatedstorage/models/block/flat/limited_diamond_barrel_2.json	517	3c600b0fcb96cba7cd3376b61c859e5e2876863e1518638167f42c408ee3538e
assets/sophisticatedstorage/models/block/flat/limited_diamond_barrel_3.json	517	939cf305d8c82b90f2f2aaacb55671a8276ff0ff5e03230cadbb1256e7819133
assets/sophisticatedstorage/models/block/flat/limited_diamond_barrel_4.json	517	a15af6f5b91e12b4d49d9f1baabcd325d830b47eb55357b3646f38a469e7b218
assets/sophisticatedstorage/models/block/flat/limited_gold_barrel_1.json	505	8c1a742c82167a1cc4c5ff7a5c774d85d0a5e7563272c2457e045d55bb063643
assets/sophisticatedstorage/models/block/flat/limited_gold_barrel_2.json	505	cc441a81a2bd986bc44f14c1251ca9ec1371894e6c461353bf9a740888bf8deb
assets/sophisticatedstorage/models/block/flat/limited_gold_barrel_3.json	505	51e7842060e258701a1d0938ea901707647a436599651ab7b88a0eb091c3fc07
assets/sophisticatedstorage/models/block/flat/limited_gold_barrel_4.json	505	c3eb70076ecdc8bd6ca226523399410f1d2c74fd10dadccea8a11cccc2e61cbb
assets/sophisticatedstorage/models/block/flat/limited_iron_barrel_1.json	505	c95eaaf68af72a8bfa5a9d99090e1419551963e68bef6c14298ab7a0d247803e
assets/sophisticatedstorage/models/block/flat/limited_iron_barrel_2.json	505	e789148cc7b43c2a2f489f908834b72cc0533fcc9d84222a213d98ca037679cf
assets/sophisticatedstorage/models/block/flat/limited_iron_barrel_3.json	505	c8f980e804b2bbd1585a55d670a7b81d3940ac6f50145913366d21636125bc32
assets/sophisticatedstorage/models/block/flat/limited_iron_barrel_4.json	505	ce286061a524218ee2e0c83b490cb809a4d68277f7bfceaa77d4da484547fce2
assets/sophisticatedstorage/models/block/flat/limited_netherite_barrel_1.json	525	22d7b52b772df8addfdfedb5ecce89abc1da31b2fa017af3a0e718367da49cb7
assets/sophisticatedstorage/models/block/flat/limited_netherite_barrel_2.json	525	003cba6d5f4baf12230b520e7fa4b46bc092ab4d378ec5a72d8441fca56dc74f
assets/sophisticatedstorage/models/block/flat/limited_netherite_barrel_3.json	525	3c973f88cfd228d9363001f3e47c8efae03ef0a5ff67e3034592c59bc6c1ffba
assets/sophisticatedstorage/models/block/flat/limited_netherite_barrel_4.json	525	64c7e1c8cbd4112a0ae144e7b8ad23f66b8eb0e68e917f0fd62485e5541432da
assets/sophisticatedstorage/models/block/flat/netherite_barrel.json	507	894c821d24f12f43bc08bfacddc4bb5c3e52e27cf4e1676e87ab4917e2dfc9c7
assets/sophisticatedstorage/models/block/gold_barrel.json	551	5b3e908620939478f47577bf8fb160b5172f0c37e5db85dd86cbe3591ccb8b5a
assets/sophisticatedstorage/models/block/iron_barrel.json	551	21e93545ac32dc8164ebd56ed8b9ff567f27c4c1eec273fbca90981f7ece9435
assets/sophisticatedstorage/models/block/jungle_storage_connector.json	939	f9fc775907ba3795f695227223956497ab8a281d0523129bd40262b6f59ca2c5
assets/sophisticatedstorage/models/block/limited_barrel_1.json	12624	6f0d8c44b99173c4219b49b0b78256d76f7eb264ee9fea2bf65e9996246cb958
assets/sophisticatedstorage/models/block/limited_barrel_2.json	7825	738e44dbbbf5cfc2c70a02bdee7784cee74dd4b93d65e9a96a5ba7670ba34f73
assets/sophisticatedstorage/models/block/limited_barrel_3.json	7661	597817787190f99664431e6b44f516e4759812ac548350fa02f32c35c81f1575
assets/sophisticatedstorage/models/block/limited_barrel_4.json	7661	e6d92ed2fd2bfda85cd37a69e6fc40564316b25af931c692fbb60c2100e005dc
assets/sophisticatedstorage/models/block/limited_copper_barrel_1.json	527	039d5dc0fa7c4daec1e696a83d681378c5f42e8b36caa925498034a6c637ede3
assets/sophisticatedstorage/models/block/limited_copper_barrel_2.json	527	acefcb72461263e6bc28fcc720083cd3d165cb3560eab2dbb746f9615142c38d
assets/sophisticatedstorage/models/block/limited_copper_barrel_3.json	527	12658cb0cbc5bc70010e0f61dffb4cc86181aec79f053061acf72bbdb39af379
assets/sophisticatedstorage/models/block/limited_copper_barrel_4.json	527	c384fc9737a6d47621a29d14a60226cdc0157b741d1ba401dc5f11528c96b415
assets/sophisticatedstorage/models/block/limited_diamond_barrel_1.json	594	d847c71944bb59da0066aa134b5c73423e5d978250fd105d323a024c2ddce5c2
assets/sophisticatedstorage/models/block/limited_diamond_barrel_2.json	594	9378c4294da907488f35313a23ee934225c3dd28014de009897aca3e588ed135
assets/sophisticatedstorage/models/block/limited_diamond_barrel_3.json	594	3b3430d5edc5a0e752201e6d989ac4392ce7d2d9d898244af4ccee8920026191
assets/sophisticatedstorage/models/block/limited_diamond_barrel_4.json	594	bd6f75cf3ae5a5dd2f9b9ae85575bf32c4ee5251f81e2671b9669054d1e84ef4
assets/sophisticatedstorage/models/block/limited_gold_barrel_1.json	579	ff60a123ed3bd5361623d216cbbfe98410cdbc4e6f3fa78a66f5cf5224ca724c
assets/sophisticatedstorage/models/block/limited_gold_barrel_2.json	579	4be9da9d9f4d3b2984e2b7de03190edc461621487dfdf3e607f5fa6de3f85060
assets/sophisticatedstorage/models/block/limited_gold_barrel_3.json	579	197b83ee6fe66a14369410b3e76337c744535b347425c9f918db8e98825f1091
assets/sophisticatedstorage/models/block/limited_gold_barrel_4.json	579	3f0ad6f70965a5e6e6cd137c05ff86aa83ae679b529b0fd8f42040f204bed22d
assets/sophisticatedstorage/models/block/limited_iron_barrel_1.json	579	45c119573c2e64dd7fad45c8e730b1bfac8c9c05c68c8fbb80456d8268c9056c
assets/sophisticatedstorage/models/block/limited_iron_barrel_2.json	579	b0072ba0b04c4653e1d60fea927e385f7b46627d7524ac767cb3037ba8481a1d
assets/sophisticatedstorage/models/block/limited_iron_barrel_3.json	579	cd6d1c2352ac2597d7d75ce5e49c42881328f000185d47b20f6ce773ba44eccb
assets/sophisticatedstorage/models/block/limited_iron_barrel_4.json	579	75c30ff81c1f49497fb2c9ac6391600966743d59319c4e0884c85fdaff01a8aa
assets/sophisticatedstorage/models/block/limited_netherite_barrel_1.json	604	77823ef4a95790896d57eddb769443e59f60b4cb6af3b27e8957c83af070fed2
assets/sophisticatedstorage/models/block/limited_netherite_barrel_2.json	604	796676414ef9a302516c46f149cff138428c865cb14a3651e063b1dc60ce0e0f
assets/sophisticatedstorage/models/block/limited_netherite_barrel_3.json	604	2d4bf51ba71619baf3e4ede92ef04af45733e3d17f47c3fbbd9a922c9ccb62ca
assets/sophisticatedstorage/models/block/limited_netherite_barrel_4.json	604	7c134f8f062c0cb536794a46ce31268c3ae5730fb7ddc06cddd5b988d99d4f97
assets/sophisticatedstorage/models/block/mangrove_storage_connector.json	945	023265427e1636a2aa7f021722581f2d7d5f8ca2a37b64c7bc9113fa673ceb46
assets/sophisticatedstorage/models/block/netherite_barrel.json	576	0654a3b8e515ea13ca56119b64ce24f111e27c4c7fca5a7722e1de839064bb93
assets/sophisticatedstorage/models/block/oak_storage_connector.json	930	ee35f2314528d4ab3e0fdfed7b8eefe21aec1dea479116f053f2359dd7f6514c
assets/sophisticatedstorage/models/block/shulker_box.json	52	c5861ddea9a263b8943f9afca8b998e8827fa5d5168c920c46c79978205b99cb
assets/sophisticatedstorage/models/block/spruce_storage_connector.json	939	2238725c4ab2c9f156936f463219f5a9a03fda7ca889430fa58349e3846d4a53
assets/sophisticatedstorage/models/block/storage_input.json	1788	bd0a82a28666e806bc46465e2a705a86351bb2b33cd7da9bec6c86b41400eb02
assets/sophisticatedstorage/models/block/storage_io.json	1749	ef7b5a59c0717512244437eb703cbbe187b48a8b8eb6889529cc00e3a6a4e4c1
assets/sophisticatedstorage/models/block/storage_link.json	2811	1ffecd54444001bd0bef2ef5b3615a446d1d0c8eac53a52e74645c7425de0f45
assets/sophisticatedstorage/models/block/storage_output.json	1801	22556671cab63fe505a19ad9872d0cebb993699887b8f0d10f24192bf8c1033f
assets/sophisticatedstorage/models/block/warped_storage_connector.json	939	776d79de01b3a4d31e19db147c288fdf8e03731b3260de3bdadf14c2d61fc71e
assets/sophisticatedstorage/textures/block/acacia_barrel_bottom.png	461	66b25e0bce8f2c885d9e0ef661b91b1d0aee78847f13acd226982a7dab87d243
assets/sophisticatedstorage/textures/block/acacia_barrel_side.png	382	1b6dacb2af0cff5a515f557737ddf8605723fc25e8e4a979965e34eca062e69b
assets/sophisticatedstorage/textures/block/acacia_barrel_top.png	384	f88dbf7b4d1b0ae0b3606835cef97d26a92c8cdf1d3df92e3a82a52deb3a261f
assets/sophisticatedstorage/textures/block/acacia_storage_connector.png	461	66b25e0bce8f2c885d9e0ef661b91b1d0aee78847f13acd226982a7dab87d243
assets/sophisticatedstorage/textures/block/bamboo_barrel_bottom.png	481	df5d9ea66ef3286370ebdfa7b552f4a9d3a869310753b4600affa1e74ac83fd2
assets/sophisticatedstorage/textures/block/bamboo_barrel_side.png	383	adb964a0b2e1caf3d93198cefea5ba047c4f9b699d7792e587943194f88546b4
assets/sophisticatedstorage/textures/block/bamboo_barrel_top.png	377	73c65080f22ad409527911fed2554128f34dc3d39970f14d58160cec77b47759
assets/sophisticatedstorage/textures/block/bamboo_storage_connector.png	481	df5d9ea66ef3286370ebdfa7b552f4a9d3a869310753b4600affa1e74ac83fd2
assets/sophisticatedstorage/textures/block/barrel_bottom_packed.png	339	0b8230ab7add5fd2c83cbadbf83a64cf0c1ebb96fc099c168e51bb95cef25ca2
assets/sophisticatedstorage/textures/block/barrel_bottom_tintable_accent.png	159	eb636adc3297c352867f2d9e39b295cdbfd41935e8470af5b409b7b7e5f27147
assets/sophisticatedstorage/textures/block/barrel_bottom_tintable_main.png	421	54dc25b20f244f0865f23aedb67aee5a634015d89514ec136a95a4ae9984c375
assets/sophisticatedstorage/textures/block/barrel_handle.png	93	54812abc947f43f9103d00fbb4accef01584512d46225597b842c261416b1279
assets/sophisticatedstorage/textures/block/barrel_metal_bands.png	144	293b7f2f2ef3c659a02e4ced1f7438f600f5aca1091f5c811ac8be7eade92332
assets/sophisticatedstorage/textures/block/barrel_side_packed.png	236	cb7b17089c825fff45f6a6781995845034cbb2f32d4b284eb99a4a2596240075
assets/sophisticatedstorage/textures/block/barrel_side_tintable_accent.png	159	f1d32ceddc40b15987e2702f5c7306081d9d64e2733e25dc781dfed45696b8f5
assets/sophisticatedstorage/textures/block/barrel_side_tintable_main.png	308	6b002bf1e03c7b410b4583f0f3bdbc15398136c3e0082508e279f6bb94ebadb9
assets/sophisticatedstorage/textures/block/barrel_top_packed.png	338	a64aa04469b49f5e27992131cd498964d6ba261256b1b5e41674d8a21555c7af
assets/sophisticatedstorage/textures/block/barrel_top_tintable_accent.png	258	5d75bab58bfa094c186f073f253347afafe06be05066d95a8e90620b64d9e66f
assets/sophisticatedstorage/textures/block/barrel_top_tintable_main.png	351	103381c84dbb4bcdb1e2ec3705537a23bb2a881bba491d602ff0d204a6575dde
assets/sophisticatedstorage/textures/block/birch_barrel_bottom.png	481	aea7cf2403c44c7e1329f998a72f06c44554ddb8ed12adcc1c762e5300c67162
assets/sophisticatedstorage/textures/block/birch_barrel_side.png	383	7e95c3d687c19fdb806aad2e1ca84b2ee34c178c549e7046ca0cee8806e742af
assets/sophisticatedstorage/textures/block/birch_barrel_top.png	383	e193cf8876b83d5c1f43358ebebcb45f31c4302e7c47ef69363920e4dd94ec10
assets/sophisticatedstorage/textures/block/birch_storage_connector.png	481	aea7cf2403c44c7e1329f998a72f06c44554ddb8ed12adcc1c762e5300c67162
assets/sophisticatedstorage/textures/block/cherry_barrel_bottom.png	476	c045ea1cb53b1724cca832f802d9f1e210027cd2896ab6aa2a2e872f03a6dea4
assets/sophisticatedstorage/textures/block/cherry_barrel_side.png	384	07d3180813d8d0919a87e084302f01aeb8f0b4fe57d0cce5d0b65118b6d6c374
assets/sophisticatedstorage/textures/block/cherry_barrel_top.png	387	d84622719ed9713bf6ad8ea8980868bb668f7bf1d4ec54c152013f44c53519b5
assets/sophisticatedstorage/textures/block/cherry_storage_connector.png	476	c045ea1cb53b1724cca832f802d9f1e210027cd2896ab6aa2a2e872f03a6dea4
assets/sophisticatedstorage/textures/block/controller_overlay_side.png	97	2fd05e2a754f4832d3202b6740dba6d37b431a14285939de41c6cc05e38fd0a0
assets/sophisticatedstorage/textures/block/controller_overlay_top.png	104	cb6ee55e98b9b68365ff849dc26f4668ba3ae9993a1976790059d2d9ae0ff0ab
assets/sophisticatedstorage/textures/block/controller_side.png	535	1166b02390b9c55c27c5d2fb3aac834861aa3365612530ca56d134bdc0e44ad3
assets/sophisticatedstorage/textures/block/controller_top.png	452	93dd1370ea529dedd05fb4b2edf1c49b1898f6c3d7e76de0995356c4e200f31d
assets/sophisticatedstorage/textures/block/copper_barrel_bottom.png	191	501b6ba93de1857e0ba81c81f8cd0455baf0afa7301116b25d711ef9fdf18d8b
assets/sophisticatedstorage/textures/block/copper_barrel_side.png	173	7405ed297b2a3aed7775ecc11b4b9e2d89b460bd267da45bd849fa89b2008e67
assets/sophisticatedstorage/textures/block/copper_barrel_top.png	172	2ecef699ccc5ea572b6572e2310e8bb0d11103c5f1c4fa31f5de3ae91a5e494c
assets/sophisticatedstorage/textures/block/crimson_barrel_bottom.png	458	c7ea70a62f245470ebe8b01da18ac20aafe4ac2d21032bc5832869900e0af4db
assets/sophisticatedstorage/textures/block/crimson_barrel_side.png	374	61d53a059b6b61c7282abac0f6f9ef3f8a1a14a6b539f24b1e7da083943cc51e
assets/sophisticatedstorage/textures/block/crimson_barrel_top.png	384	16008d732635ed4aaab90113642ec1b7e79d0e0a135e96c1437c9ce0af8e8e0a
assets/sophisticatedstorage/textures/block/crimson_storage_connector.png	458	c7ea70a62f245470ebe8b01da18ac20aafe4ac2d21032bc5832869900e0af4db
assets/sophisticatedstorage/textures/block/dark_oak_barrel_bottom.png	430	b19f6280cc0387428f727e83c78da83ccd99e422c94c48247c4d328c4fc9d312
assets/sophisticatedstorage/textures/block/dark_oak_barrel_side.png	388	94dcb7aa5dc6b34dda7759f7877c869025fee793acd95df00356bac40fd9edac
assets/sophisticatedstorage/textures/block/dark_oak_barrel_top.png	376	079d2f2209c57d12d95e456339f186d136c01d2b3fea432023ea7143d1e17275
assets/sophisticatedstorage/textures/block/dark_oak_storage_connector.png	430	b19f6280cc0387428f727e83c78da83ccd99e422c94c48247c4d328c4fc9d312
assets/sophisticatedstorage/textures/block/decoration_table.png	3230	15b00ceb5fc4d56736601cde03d67f8c51a35c14895c80acb678df27a1f5ce9a
assets/sophisticatedstorage/textures/block/diamond_barrel_bottom.png	167	fac98984fca00a1b142765edfae2e18377df2fb58b1987ab0dc4fc3a8a0ffc77
assets/sophisticatedstorage/textures/block/diamond_barrel_side.png	143	6d63be5457d632812f572013790277a4983f9a5bd1f5ade44fd1020b6eefb6ed
assets/sophisticatedstorage/textures/block/diamond_barrel_top.png	173	f9c457f097ab9598579f7e68f086f7c191e92a97f72f37af7826687cc80afebd
assets/sophisticatedstorage/textures/block/gold_barrel_bottom.png	174	9b4dc56f7aaac4424c98b5530c78a683eebced25405fbf427d0d3c03da36d0c3
assets/sophisticatedstorage/textures/block/gold_barrel_side.png	156	d4ca0ce13d1f74e7b7f559fc87677888cab50b61de00e7afaebf05ab92f41062
assets/sophisticatedstorage/textures/block/gold_barrel_top.png	173	a4855f2772a0b75592c6646aca646ea808016150cc800886df9cef6cbc63a0c5
assets/sophisticatedstorage/textures/block/iron_barrel_bottom.png	157	1cb5f347268fb938637fc2ef9808ce30b802973d5ddd6e419b08ce4c84937056
assets/sophisticatedstorage/textures/block/iron_barrel_side.png	143	357352b1fc4b7bdc7cb523be0402eb3505bf1c746acea32c1894048cf0c503dd
assets/sophisticatedstorage/textures/block/iron_barrel_top.png	173	2a9ee59914fecffccf0384eec7117a860b2cfe9e2dabac186580fbe2b57c924c
assets/sophisticatedstorage/textures/block/jungle_barrel_bottom.png	469	7db1b52dc24340e1c8513fa7dfe02053f376769600ac06c79eeaaacd9cbc7740
assets/sophisticatedstorage/textures/block/jungle_barrel_side.png	393	1e6683e921acf7e9d7227ffd35d5ca4f2cae61da2a54fcd8dc9d5434283d51b9
assets/sophisticatedstorage/textures/block/jungle_barrel_top.png	387	acfccb8f1d1d00062feaaa5e078c02734c53cf8a92e12717444c7e14f733d0a0
assets/sophisticatedstorage/textures/block/jungle_storage_connector.png	469	7db1b52dc24340e1c8513fa7dfe02053f376769600ac06c79eeaaacd9cbc7740
assets/sophisticatedstorage/textures/block/limited_acacia_barrel_1_top.png	343	fe4017d3a99fdc569b4d74970d8dfdc9f1dfac422b6fe1935039272a58372db4
assets/sophisticatedstorage/textures/block/limited_acacia_barrel_2_top.png	269	91c6e9c1292b365b5b9b116b7ae3cec712a627dc5fba4262e2f429af52e6a079
assets/sophisticatedstorage/textures/block/limited_acacia_barrel_3_top.png	347	fb8d335ec92a7cafacfc016829e073e500bcc215172b83a36a05dbfaf3d6a122
assets/sophisticatedstorage/textures/block/limited_acacia_barrel_4_top.png	271	4604708c43edd8557f778e86c192b9692dfcd6ea6181e23c0a56abc3eb411211
assets/sophisticatedstorage/textures/block/limited_bamboo_barrel_1_top.png	339	cb1db9688c33b083d952e7f765dc7fb2fce927114c18c17cedef21f1148b2859
assets/sophisticatedstorage/textures/block/limited_bamboo_barrel_2_top.png	270	d78b881095a0f15eeeffe7871a0ea160c1a2d3f56065f222279613d6a5fb7c40
assets/sophisticatedstorage/textures/block/limited_bamboo_barrel_3_top.png	342	a5f66ad9256320ed65d69d13a44d252dda6e99a919fc808b2599fab7b760e98b
assets/sophisticatedstorage/textures/block/limited_bamboo_barrel_4_top.png	272	0f5fac93b1ef5fe23e66b7cc67c2eff2b5c9bb69a78f928dbbcb5c0d9f4e09e7
assets/sophisticatedstorage/textures/block/limited_barrel_1_top_tintable_accent.png	231	27e07d6df0a4d20ae8dd73aa7a5f3b68971d78ff9477270a79289603cf6a0abb
assets/sophisticatedstorage/textures/block/limited_barrel_1_top_tintable_main.png	308	85f020b0d3b8df7cc94562ef539dfde01b54902b5bdbd742e0c5eadcd055fc7d
assets/sophisticatedstorage/textures/block/limited_barrel_2_top_tintable_accent.png	239	d7c0aee32330d7bf2fb186318c1a68392d040897bd3f3294c0cc85fb4ef0b898
assets/sophisticatedstorage/textures/block/limited_barrel_2_top_tintable_main.png	226	b938ef270ac06df149ffadd7a67f715c7a0cf3ed45e83d236c817366a3b0cfd1
assets/sophisticatedstorage/textures/block/limited_barrel_3_top_tintable_accent.png	303	835d8e9e7e425bd02eafcbf7f4452b48db6c0764862c67010a325cbe233101f1
assets/sophisticatedstorage/textures/block/limited_barrel_3_top_tintable_main.png	306	5e2f51502fb6098819c86e20204929118f5e32714f91cf8e39ea2c49ed4d7134
assets/sophisticatedstorage/textures/block/limited_barrel_4_top_tintable_accent.png	259	37598fcc5022199777991f5ac5e3635fb9b27a2f1801b06a11da01a476a5797d
assets/sophisticatedstorage/textures/block/limited_barrel_4_top_tintable_main.png	219	3664c0367527d4cacd7aa07df1cedbc41f7bfacfd53cac00fb370feea902fd5f
assets/sophisticatedstorage/textures/block/limited_birch_barrel_1_top.png	344	5935af20f82dc31827733d939c10af3b6a6d61939198c9d55c0df1c1ee96a32c
assets/sophisticatedstorage/textures/block/limited_birch_barrel_2_top.png	269	56e4779468a16096aeb4e024df91468d47431faa39cb27d30a41773117fc7d6a
assets/sophisticatedstorage/textures/block/limited_birch_barrel_3_top.png	345	e36183075615903668250bcb53d5eba4cdb77b0a029b728691f8adcb95198921
assets/sophisticatedstorage/textures/block/limited_birch_barrel_4_top.png	271	ecabc04997256e6d03323a91950ba8741fb6248dd66d40b60c9900ac72db3f05
assets/sophisticatedstorage/textures/block/limited_cherry_barrel_1_top.png	341	25067b019f33f087a456048bdacecc334474c55041fcba4bb4c21bbbe0700eff
assets/sophisticatedstorage/textures/block/limited_cherry_barrel_2_top.png	268	77a1e76965896d6cd85a6ac2b1d8b3950db990a5f37b08250fab9fab254a8bac
assets/sophisticatedstorage/textures/block/limited_cherry_barrel_3_top.png	349	258af2e200a104fbfc5078ded6d5ca1b84eccb57141d6a6982fce5ca35587b89
assets/sophisticatedstorage/textures/block/limited_cherry_barrel_4_top.png	272	a034fb27090d39519ad15d5ff63f85cf3790453e106eed145259aca9a16b2252
assets/sophisticatedstorage/textures/block/limited_crimson_barrel_1_top.png	343	aeb0248a100cbdbada414002f86d8299a329c9ab022286b0cba8de9c66fea4e0
assets/sophisticatedstorage/textures/block/limited_crimson_barrel_2_top.png	268	64117650bca9886060260539f18bc20d676630316a2e1d0ed923c4b1561a0c55
assets/sophisticatedstorage/textures/block/limited_crimson_barrel_3_top.png	343	4fde00c7bb17ef83f9dea619bbe023c3748d0cd5d84779d3658462baece54479
assets/sophisticatedstorage/textures/block/limited_crimson_barrel_4_top.png	271	4b0f091f6dd4f8d57d24bcfc99a618fa1e81421aa9d11d78edbe4f5bae7a9871
assets/sophisticatedstorage/textures/block/limited_dark_oak_barrel_1_top.png	329	77ef0f59b657db09aa5b3a08204e64a6d5bcab5d54722e2f78c09a3163719807
assets/sophisticatedstorage/textures/block/limited_dark_oak_barrel_2_top.png	268	b3ed6a1c05c915f9abbe43ea52f00c66f6c902924488ac57a7ea715c979a6c33
assets/sophisticatedstorage/textures/block/limited_dark_oak_barrel_3_top.png	333	271a62d57cf5d205df3d9dcd535081043b55a63098a323ab0864bd1a7b89024a
assets/sophisticatedstorage/textures/block/limited_dark_oak_barrel_4_top.png	271	a3f6a5d6794a165954715c86f627d941bb27bab0e0644990be91ba788d2c7dd2
assets/sophisticatedstorage/textures/block/limited_jungle_barrel_1_top.png	342	7eb2037273f85ab41f5072fc94e3aaa2e6033851c42a326dd44965bace1ed342
assets/sophisticatedstorage/textures/block/limited_jungle_barrel_2_top.png	268	54d469c3bd252f4a2bff000e164df1592876b8dd6f2a81eeba809e2f39e59c32
assets/sophisticatedstorage/textures/block/limited_jungle_barrel_3_top.png	348	553418c0d317292839d224ac6397cec8dbb501d707477d95ef6e8124df0f3024
assets/sophisticatedstorage/textures/block/limited_jungle_barrel_4_top.png	271	324bc2212af45984cdd2ab794f27d09325162b5fab37cd6703a01ad0a74f7d21
assets/sophisticatedstorage/textures/block/limited_mangrove_barrel_1_top.png	335	cb3e3794dd3606b8b7e73392b5f4786481b83adf2bf2f1b3989f8bfa25c99fe1
assets/sophisticatedstorage/textures/block/limited_mangrove_barrel_2_top.png	268	8540d68e03c5c443740a7f35c4c8d5b9d31603ae053a2ff2c5777b4377584d9f
assets/sophisticatedstorage/textures/block/limited_mangrove_barrel_3_top.png	338	964180a10cf93700a0313cbd768a234331d713effcf40209f529f5ead5ac56cb
assets/sophisticatedstorage/textures/block/limited_mangrove_barrel_4_top.png	271	181f2357d9d004abb26b36c9ae657370255c79aa19347f7b86c5f017d7fbce18
assets/sophisticatedstorage/textures/block/limited_oak_barrel_1_top.png	343	10513752e5b19ac5e1d992282b0bb0ebb2733a0f2940b237946ec53cb6973d55
assets/sophisticatedstorage/textures/block/limited_oak_barrel_2_top.png	270	198b5086689a96661007e6382ecbfee56c18deebfc9bf179a66fe4bcaf246d5b
assets/sophisticatedstorage/textures/block/limited_oak_barrel_3_top.png	348	47d573537791fe852e8ff355905ba54976cbcfec7bd2f0245adc7ddb692c8355
assets/sophisticatedstorage/textures/block/limited_oak_barrel_4_top.png	272	e6ae471d89960df0582c7e09faaab6b0e8aaa6345b3342e4d39752d6fced8743
assets/sophisticatedstorage/textures/block/limited_spruce_barrel_1_top.png	341	81619b5cb02bbea8d2bea4a93932135af7a396dea68fa9bfec34f551d6325795
assets/sophisticatedstorage/textures/block/limited_spruce_barrel_2_top.png	268	cb6c1fa632bfd5ad62182744068f84f38532a5e9e87c60621ef6214aa9cc933c
assets/sophisticatedstorage/textures/block/limited_spruce_barrel_3_top.png	344	14bb1c9fa8ff6b39d0c38ff4b1acb7c330f969ddf9c1aedf2d8ae8fa6cf4942b
assets/sophisticatedstorage/textures/block/limited_spruce_barrel_4_top.png	271	8386f340090cc4050f2dcd339088268df539ba73470a342a5170e8b49dcef3fb
assets/sophisticatedstorage/textures/block/limited_warped_barrel_1_top.png	343	bfec08497cb916c9ca7140e20c0e710e16d6f7d2404d0109e1a5dfd1fc72741d
assets/sophisticatedstorage/textures/block/limited_warped_barrel_2_top.png	269	2a14a2221d48356f2d1aa7f3a4efee96211338b01235f72a41a09b896362021b
assets/sophisticatedstorage/textures/block/limited_warped_barrel_3_top.png	342	95976c1977f7137cf959a63a9a0687799242bd23e1b4f02a84ded2940296b871
assets/sophisticatedstorage/textures/block/limited_warped_barrel_4_top.png	271	163d3adc665f83fc398583abca80d3ed55a14bb3da2d5e4c3b83e5f47fd77cc0
assets/sophisticatedstorage/textures/block/lock.png	317	99d871593b8e2d3c84a7b092eb7eda29b78add3adf9a96a3298f5ae716f799f9
assets/sophisticatedstorage/textures/block/mangrove_barrel_bottom.png	445	8df840365e136ba5e07e18b88c5a10252ec59f7a8952e8448e86682c96612864
assets/sophisticatedstorage/textures/block/mangrove_barrel_side.png	364	88be03007363c8dbaba3e001ded30dc8b01d75f9528e3b5fc3f25903c1cc082e
assets/sophisticatedstorage/textures/block/mangrove_barrel_top.png	379	5b1df689bc0e75bfb43c22085336a9bb6e22edc4cf946d0e41988899aad437d1
assets/sophisticatedstorage/textures/block/mangrove_storage_connector.png	445	8df840365e136ba5e07e18b88c5a10252ec59f7a8952e8448e86682c96612864
assets/sophisticatedstorage/textures/block/netherite_barrel_bottom.png	179	f79521be7186bd1ff55eb1a807e4451ec104b42bafab132d0f745a94cd62c963
assets/sophisticatedstorage/textures/block/netherite_barrel_side.png	163	e88a5a84140d0a39dababb8c410825fd9d395d5691d27e15a3cd07c4409b7b94
assets/sophisticatedstorage/textures/block/netherite_barrel_top.png	172	8f74f84b557bdbc00519d484f992e2049458427ea4e0213196d5ff62ad6dcd00
assets/sophisticatedstorage/textures/block/oak_barrel_bottom.png	478	f147b8e67d96188c82a7973fb0ab2b6c2647fa50951eae6f29a2ec7eee5919d2
assets/sophisticatedstorage/textures/block/oak_barrel_side.png	388	2c8d46b64a9116e35f0dcf840f88c1017e206484367c3c8d36c98b26aee03cbc
assets/sophisticatedstorage/textures/block/oak_barrel_top.png	386	36120a8b6bfeda147229eb0df3b49f8b19f7de45e683f5f0bab8a82066678af7
assets/sophisticatedstorage/textures/block/oak_storage_connector.png	478	f147b8e67d96188c82a7973fb0ab2b6c2647fa50951eae6f29a2ec7eee5919d2
assets/sophisticatedstorage/textures/block/spruce_barrel_bottom.png	457	46920aa882e8a1a46596dc142ae0cf84c4f749dbdcb85a9a5d60c958af26651b
assets/sophisticatedstorage/textures/block/spruce_barrel_side.png	380	b554f30c68d90c8b0d332a2e92832161a5c021daee3f10b1cd17d9601bd238bb
assets/sophisticatedstorage/textures/block/spruce_barrel_top.png	381	1324b7708233eb6333fc7309170ef13f6630b6c7b71f516eb9537456cfc6e6bd
assets/sophisticatedstorage/textures/block/spruce_storage_connector.png	457	46920aa882e8a1a46596dc142ae0cf84c4f749dbdcb85a9a5d60c958af26651b
assets/sophisticatedstorage/textures/block/storage_connector_overlay.png	169	e6a4f4a77da7621ef2b63a14785be87004a00189d03d0c827b78fff930197820
assets/sophisticatedstorage/textures/block/storage_input_overlay_side.png	121	35d3e48b74500f7d672af7142b018308c5a825e9ffbebfc561fa5355e732997c
assets/sophisticatedstorage/textures/block/storage_input_overlay_top.png	175	afb229ace261b7ede53c24533dce3545a359f0f4fd18ee25f8f2ca01b5e5d025
assets/sophisticatedstorage/textures/block/storage_input_side.png	519	8ca5ff4c0fc4c07cc4a0affc6d763216bcef1e263f9484a6e6093f9cc14e70b1
assets/sophisticatedstorage/textures/block/storage_input_top.png	492	a7c7bfbddcc14472364c19f8ce95d46f8ad3b1ddfea2e3b08f133542327ef14b
assets/sophisticatedstorage/textures/block/storage_io_overlay_side.png	122	2362ee090a731e6e812d02a6dc63e19e3d24c861b86b731791aeaa4765e89516
assets/sophisticatedstorage/textures/block/storage_io_overlay_top.png	180	0cf348e11291fd33c0cc02333803a7eee6b299c67de8bd01553921157f86a891
assets/sophisticatedstorage/textures/block/storage_io_side.png	539	d97f89f81407a64322d38cfc74475a1d6bb7374b6914ff68ceec581ff5a37db8
assets/sophisticatedstorage/textures/block/storage_io_top.png	489	1d44f42cf4e16f7e77c500e5936a36890731f0d23a373cd820763d8b8dd8e6bf
assets/sophisticatedstorage/textures/block/storage_link_bottom.png	369	69781eb0eb0b3ce9565703bad818c60ffa1cbebe05955227df19e4957da4408f
assets/sophisticatedstorage/textures/block/storage_link_overlay_bottom.png	103	bce4fda9fbe9dad045857d74a93ec05a31467596f5fd7cc244ea24eb5c249da5
assets/sophisticatedstorage/textures/block/storage_link_overlay_side.png	75	1614e4598f22e6748d80b9b6cc1d695361ea95c00d3675fa4256f31e64ce1275
assets/sophisticatedstorage/textures/block/storage_link_overlay_top.png	136	234d1285cdb710df7c7387cab432ea621cb96487b080b2269b63624a03ac3eeb
assets/sophisticatedstorage/textures/block/storage_link_side.png	117	8de9acdbbaea9c9d02239c4bad819f6dfbf6a54a98fb8a433dbbe040f9aafb8f
assets/sophisticatedstorage/textures/block/storage_link_top.png	439	68a00fd3ee14acf39abb1338cb9dac28d747d579fea0a87b6bcf6e55e72fe696
assets/sophisticatedstorage/textures/block/storage_output_overlay_side.png	116	e30936c806e9cb122f90f543114f4bd6f79c8f443baa7258cf187190fae19837
assets/sophisticatedstorage/textures/block/storage_output_overlay_top.png	151	1f8afe261c3e6d371d25e8b70f085b29a913d6b44a4785835198d28635eab8fd
assets/sophisticatedstorage/textures/block/storage_output_side.png	507	3ccce9fbcf68adb59041b05ffe60764412b3bdac9356a339813f1c91a8fc3f1c
assets/sophisticatedstorage/textures/block/storage_output_top.png	483	026bcc6c39e1e85f8de2c600aa0928282dab7ad945da0705ea8aa262108bd900
assets/sophisticatedstorage/textures/block/warped_barrel_bottom.png	458	94bb4634a53d82ef1d09389163acea4f9bd50a5e8a12697e256bf994ef6bd1d9
assets/sophisticatedstorage/textures/block/warped_barrel_side.png	377	c0d713e9bf4cd39b9c93b01eac42d6472baa181c44af5a9969bae22913d98a3d
assets/sophisticatedstorage/textures/block/warped_barrel_top.png	380	023ee3971785b7cdc88116c72927fa82054e4b94d38e755a780ce811ae4cb73a
assets/sophisticatedstorage/textures/block/warped_storage_connector.png	458	94bb4634a53d82ef1d09389163acea4f9bd50a5e8a12697e256bf994ef6bd1d9
assets/sophisticatedstorage/textures/block/wood_barrel_bottom.png	75	1614e4598f22e6748d80b9b6cc1d695361ea95c00d3675fa4256f31e64ce1275
assets/sophisticatedstorage/textures/block/wood_barrel_side.png	75	1614e4598f22e6748d80b9b6cc1d695361ea95c00d3675fa4256f31e64ce1275
assets/sophisticatedstorage/textures/block/wood_barrel_top.png	101	74c11cc8c58eb4bbcfdf4ba4285b09e55d5c2ffb22dc17cdc1d9633674bcb380
assets/sophisticatedstorage/textures/entity/chest/acacia.png	1427	154c3374b2bb50c1f03cbb317180fa359a63139a39ac0522e4d969fe321beeba
assets/sophisticatedstorage/textures/entity/chest/bamboo.png	1469	07a6f001223eb2baefbe425c0faab29a1c652ae418f606ffbba85a7cdfa1c985
assets/sophisticatedstorage/textures/entity/chest/birch.png	1482	cc89e5e4e2f9825c82eecb386bf49452c914763f0f7689811e8628aaddba2e34
assets/sophisticatedstorage/textures/entity/chest/cherry.png	1472	0ffe165d42fd926269a6b6d36ba6cd763127cb3a2fb4b06a8857f1c9b6576746
assets/sophisticatedstorage/textures/entity/chest/copper_tier.png	451	dea22481b686ec5c16032c9e0ff3d3dc59cb1ca01686a110e5442a6d29c5a7a3
assets/sophisticatedstorage/textures/entity/chest/crimson.png	1447	7a5bed7c30fa6ead2d683a97a9c0db5091abc4a6a6d793150d84bb5291b23a68
assets/sophisticatedstorage/textures/entity/chest/dark_oak.png	1394	4762d3a2cd54b87468ce3648bad787a6262bc631add43929952ab07eacf0c3d7
assets/sophisticatedstorage/textures/entity/chest/diamond_tier.png	404	ddacd22ee3b5aa7c34d2607b8662e1be8b8e7ad2837b2cd86d7448767d6b3313
assets/sophisticatedstorage/textures/entity/chest/gold_tier.png	445	7e74e3cd53febfa72733819613ca79bc4379a9cc4089c539c30d8ba8565a9c24
assets/sophisticatedstorage/textures/entity/chest/iron_tier.png	409	f1d3e5676a422af4da6c0948c7925167725f1febe992e86a4b3592c425f47809
assets/sophisticatedstorage/textures/entity/chest/jungle.png	1456	b7550ea754b0174efbae70d489783ec777fad2ee645a36f5b713e0d92d9df963
assets/sophisticatedstorage/textures/entity/chest/left_acacia.png	1570	2abd30802c59143c8c51c49966c3116e76eef43a9516a9476f40d54ddbc506a1
assets/sophisticatedstorage/textures/entity/chest/left_bamboo.png	1584	e2e2e6ed0e60e8d303265b0ed842a0bdfba8bf095278f24d97215c51172a461a
assets/sophisticatedstorage/textures/entity/chest/left_birch.png	1604	a65d7abdc0727ce11e8d0195b3ab376432eaed71d917a38c024f30e4bb7fdbc6
assets/sophisticatedstorage/textures/entity/chest/left_cherry.png	1596	1476cb23cad2b67426b6be8337d86576e2b5a4a86d85097d6bf046004695152f
assets/sophisticatedstorage/textures/entity/chest/left_copper_tier.png	383	67136f55b16b823bf2e6e1804d5a701eebdc9c4e4220817fbd227952df492689
assets/sophisticatedstorage/textures/entity/chest/left_crimson.png	1517	45ffe29620b1d0317c7b2e661648b6d1cc1934cb1a32b4ecc5a056e0b8e97a3b
assets/sophisticatedstorage/textures/entity/chest/left_dark_oak.png	1460	a3988c1d89c2d8a20312f4a595ea183e8b870b348966b079cf1306b1e1f07aad
assets/sophisticatedstorage/textures/entity/chest/left_diamond_tier.png	395	c39eeccefe89d77ab6f307dab730f04818c50762f282029a42ed2087cd0546e0
assets/sophisticatedstorage/textures/entity/chest/left_gold_tier.png	384	bdc20653d3254d0829f410437363513abe197ef62359f0194982170b94b9f876
assets/sophisticatedstorage/textures/entity/chest/left_iron_tier.png	359	b217d817c85b3d8056482854d2bf3ad3efec6d318fe5c03c970f861e1c062476
assets/sophisticatedstorage/textures/entity/chest/left_jungle.png	1576	ebb64081e5ea115f1c0690d23c3ed18f9e0741a6b45dbfc5bd4775d74c903275
assets/sophisticatedstorage/textures/entity/chest/left_mangrove.png	1459	2fc9e2855a602fc69db8df9562cc5ba2d3b3660ead4395e6660c68d970bacb7f
assets/sophisticatedstorage/textures/entity/chest/left_netherite_tier.png	376	79d5baaf2290efe64d4d2c94ec79027a98ae30107dc23c174fcd479a58c2b6a5
assets/sophisticatedstorage/textures/entity/chest/left_oak.png	1576	1feb2f82a1e766ebf2a0d055f4b0299f1ad92957a756649f32aaeb38e80e2e15
assets/sophisticatedstorage/textures/entity/chest/left_packed.png	567	d1e247923b200bfb7c98ff4033b6639cffb41e788db5fdd013a1427dca2b1cab
assets/sophisticatedstorage/textures/entity/chest/left_spruce.png	1526	df92bfa2b0b8012a47cfc2cffc09901e3be261161963bab81d968c5c6724b978
assets/sophisticatedstorage/textures/entity/chest/left_tintable_accent.png	614	1a5f7f35ebe9893738507b3e4b822fc1fce9c901347b2f60941692b6c3b7dec2
assets/sophisticatedstorage/textures/entity/chest/left_tintable_main.png	1199	8daa8c269aaf1f30b12637eaa3cc001d7cb8d2e773d572354863f21312fbd9b4
assets/sophisticatedstorage/textures/entity/chest/left_warped.png	1533	b9818abcb0676a292762a65aa92c00f75c9cc148b1cbd28ff79895224c0e8462
assets/sophisticatedstorage/textures/entity/chest/left_wood_tier.png	145	5dc3ec03a011065dcfae3c2266cfd9990f95e4431cfe552d6842a6aa2961341e
assets/sophisticatedstorage/textures/entity/chest/mangrove.png	1412	2dbc35f32bcc09299a5500e1d03713336de6c6c6566e490c99ab4a0db2729011
assets/sophisticatedstorage/textures/entity/chest/netherite_tier.png	453	71c45f912734629b346103c7578ceeaaf6a9c6a399e8c70c14bccd7a944a3467
assets/sophisticatedstorage/textures/entity/chest/oak.png	1451	93b7bd6887ff06b68de46ed4cd8968dc5b07cb9329bf319cf5b9682c14c40ef2
assets/sophisticatedstorage/textures/entity/chest/packed.png	653	1ba77139b00be84b0f866a4327ceeaf6d7b6e1e0981443ca1efb8553bac93948
assets/sophisticatedstorage/textures/entity/chest/right_acacia.png	1604	d1de0f1f95f4f09dfa9437152070c7f3c696f8df120ada69a6d9faf4eb10c029
assets/sophisticatedstorage/textures/entity/chest/right_bamboo.png	1644	c4f484f865c888fce5975c607532ac50fa67248f7c2019ecfb92d192b6cbd9ac
assets/sophisticatedstorage/textures/entity/chest/right_birch.png	1646	f8756b936e53ab21dded0dada4ff3a59aa9a2457a3ee9a9da25598cfc9369c9c
assets/sophisticatedstorage/textures/entity/chest/right_cherry.png	1635	eeb8aa3476510127c725a8e474dea1e0e6d226ccaebfd066d12381bf4187eed5
assets/sophisticatedstorage/textures/entity/chest/right_copper_tier.png	438	b6b63e6715c12fc18ca8a40ffafdfc10bb692dc74662d1771af641c3718bb8d0
assets/sophisticatedstorage/textures/entity/chest/right_crimson.png	1564	39ce201b9c9e621289348aedaa1b7601d7048ef3dfcec195d738585dbb5f1c46
assets/sophisticatedstorage/textures/entity/chest/right_dark_oak.png	1507	6705e845b08345734d651e965f6b6078796d7292072505aa043168dcbce67a0b
assets/sophisticatedstorage/textures/entity/chest/right_diamond_tier.png	381	100feea402991e08c80e3e7eb1fbc6c1c54b91fc5eedd15e964b17e396adbd4c
assets/sophisticatedstorage/textures/entity/chest/right_gold_tier.png	398	198563f74235bd1bdad7f7c74319346e8b96e0edd03025162af15926c6203822
assets/sophisticatedstorage/textures/entity/chest/right_iron_tier.png	383	93e49fb8cea8427588ddbb46a2bc820031561daacb96068b45b1d16d1e0e2f78
assets/sophisticatedstorage/textures/entity/chest/right_jungle.png	1659	45eddab5300561d3c0fe7dc172710b847642c0449e88b65a9633517c5dba52d7
assets/sophisticatedstorage/textures/entity/chest/right_mangrove.png	1513	b0ca69edc183e10dace3f30e43d6aa64aae63c3e9affc1f1f087f90179164abd
assets/sophisticatedstorage/textures/entity/chest/right_netherite_tier.png	6615	22e481db3aea51e554216dce764770a762831afc1339c3ea7e166fe5e7f3b5bf
assets/sophisticatedstorage/textures/entity/chest/right_oak.png	1615	b218199a210af51ac01d6d23d0cd279b07fac8c9fc4cfe2fe6f6222942286541
assets/sophisticatedstorage/textures/entity/chest/right_packed.png	677	3d88096e1db45ab72e6069d2d77de7eb8b397c3f1e051b48c28b6c6b37197424
assets/sophisticatedstorage/textures/entity/chest/right_spruce.png	1591	3924bc39e0be5a5fc513471165619b9e161cc9aa14f57e2da05acb8080210050
assets/sophisticatedstorage/textures/entity/chest/right_tintable_accent.png	655	96ea2eeaaefb3281f5066fa9423ea70ac816c320b83ee951f7101051aa6bb256
assets/sophisticatedstorage/textures/entity/chest/right_tintable_main.png	1249	f257b72a29d5ffa0d377d8005bdc0ea866fdf474769b825fda4b19a40c521880
assets/sophisticatedstorage/textures/entity/chest/right_warped.png	1620	b1a18c054b23b1066acd2ff8cd0e5ab1beb3fdca04e10b4ba59b5b9d4d2cd23b
assets/sophisticatedstorage/textures/entity/chest/right_wood_tier.png	152	6f897fff8372c6f8a1a3e5f398476cc683b3f66cf23acf0fbeff8ecb51f6ae9f
assets/sophisticatedstorage/textures/entity/chest/spruce.png	1437	94ceaebed6634db10503de9b98ac2246864cd60e54b39a19fb3edb9fe1a9a28f
assets/sophisticatedstorage/textures/entity/chest/tintable_accent.png	569	96a36034215c41fd425a710661c5915a75294112a668b02a49263e001cea56e4
assets/sophisticatedstorage/textures/entity/chest/tintable_main.png	1134	d1fcf84149d20e1cb071dd421a53b07682b26137d67abe69fb3dbd5b7a0543ad
assets/sophisticatedstorage/textures/entity/chest/warped.png	1440	61a89a1337169ef62b34d77a57b40afd6409719b27d62067da3a8df3dd8b9d2d
assets/sophisticatedstorage/textures/entity/chest/wood_tier.png	180	16b6d919417e4ff35b8603057c9d6de3496ddc8ad284a1f65c3adfc85ec1072d
assets/sophisticatedstorage/textures/entity/shulker_box/base_tier.png	96	ee5f4ae0aae66a3d9ad8166933132bf2fad25da6220d8f02127f69546b5a4795
assets/sophisticatedstorage/textures/entity/shulker_box/copper_tier.png	340	bf893245cb48006da1a3c2e0b0642b7b7ae1a58b03819022042551c76f237495
assets/sophisticatedstorage/textures/entity/shulker_box/diamond_tier.png	292	4e87f2ef7e1382b14f620d7897583287ee7a27329d5ec627d86b71878f4eaccb
assets/sophisticatedstorage/textures/entity/shulker_box/gold_tier.png	300	40ed9f52902847bfa38bcfbcd9dea3cfc328e73ff25f2c11507c21a0cadd1077
assets/sophisticatedstorage/textures/entity/shulker_box/iron_tier.png	274	ebc83644cbfa4c1cb1cd64530b83164bbacab1b347708c04f503201accad24e4
assets/sophisticatedstorage/textures/entity/shulker_box/netherite_tier.png	325	be11a15f6a2ab773751e3f491026844ca59feb5e4dc022c3b1b2dd4cb81a7eca
assets/sophisticatedstorage/textures/entity/shulker_box/no_tint.png	2436	e716e89685e0e12d95a46de2728384766ec6de59f010dfd863a47db5ede57a4f
assets/sophisticatedstorage/textures/entity/shulker_box/tintable_accent.png	1269	5bd671abe12ac881181c2087b4ad65fa6a0c6adbd683a27649db20dc07adf005
assets/sophisticatedstorage/textures/entity/shulker_box/tintable_main.png	1579	4d5fb0654d19c6fbf2ca3735853da9c24e9f26087e5fdac9033e97b671bd190e
